Tid;Vannstand(m);Vannføring(m³/s)
2016-12-18 13:00;     1,374;     4,245
2016-12-18 14:00;     1,373;     4,226
2016-12-18 15:00;     1,373;     4,226
2016-12-18 16:00;     1,372;     4,207
2016-12-18 17:00;     1,374;     4,245
2016-12-18 18:00;     1,374;     4,245
2016-12-18 19:00;     1,374;     4,245
2016-12-18 20:00;     1,370;     4,170
2016-12-18 21:00;     1,372;     4,207
2016-12-18 22:00;     1,369;     4,151
2016-12-18 23:00;     1,370;     4,170
2016-12-19 00:00;     1,368;     4,132
2016-12-19 01:00;     1,368;     4,132
2016-12-19 02:00;     1,368;     4,132
2016-12-19 03:00;     1,367;     4,114
2016-12-19 04:00;     1,367;     4,114
2016-12-19 05:00;     1,365;     4,076
2016-12-19 06:00;     1,363;     4,040
2016-12-19 07:00;     1,363;     4,040
2016-12-19 08:00;     1,363;     4,040
2016-12-19 09:00;     1,363;     4,040
2016-12-19 10:00;     1,361;     4,003
2016-12-19 11:00;     1,361;     4,003
2016-12-19 12:00;     1,363;     4,040
2016-12-19 13:00;     1,361;     4,003
2016-12-19 14:00;     1,360;     3,985
2016-12-19 15:00;     1,363;     4,040
2016-12-19 16:00;     1,362;     4,021
2016-12-19 17:00;     1,367;     4,114
2016-12-19 18:00;     1,367;     4,114
2016-12-19 19:00;     1,366;     4,095
2016-12-19 20:00;     1,365;     4,076
2016-12-19 21:00;     1,369;     4,151
2016-12-19 22:00;     1,374;     4,245
2016-12-19 23:00;     1,377;     4,302
2016-12-20 00:00;     1,384;     4,438
2016-12-20 01:00;     1,390;     4,557
2016-12-20 02:00;     1,400;     4,759
2016-12-20 03:00;     1,410;     4,968
2016-12-20 04:00;     1,420;     5,183
2016-12-20 05:00;     1,431;     5,426
2016-12-20 06:00;     1,442;     5,677
2016-12-20 07:00;     1,451;     5,888
2016-12-20 08:00;     1,462;     6,154
2016-12-20 09:00;     1,471;     6,377
2016-12-20 10:00;     1,478;     6,554
2016-12-20 11:00;     1,489;     6,839
2016-12-20 12:00;     1,494;     6,971
2016-12-20 13:00;     1,502;     7,187
2016-12-20 14:00;     1,511;     7,435
2016-12-20 15:00;     1,516;     7,575
2016-12-20 16:00;     1,517;     7,603
2016-12-20 17:00;     1,525;     7,832
2016-12-20 18:00;     1,527;     7,889
2016-12-20 19:00;     1,531;     8,006
2016-12-20 20:00;     1,535;     8,124
2016-12-20 21:00;     1,538;     8,213
2016-12-20 22:00;     1,540;     8,273
2016-12-20 23:00;     1,542;     8,333
2016-12-21 00:00;     1,541;     8,303
2016-12-21 01:00;     1,542;     8,333
2016-12-21 02:00;     1,539;     8,243
2016-12-21 03:00;     1,540;     8,273
2016-12-21 04:00;     1,539;     8,243
2016-12-21 05:00;     1,539;     8,243
2016-12-21 06:00;     1,538;     8,213
2016-12-21 07:00;     1,535;     8,124
2016-12-21 08:00;     1,536;     8,153
2016-12-21 09:00;     1,532;     8,035
2016-12-21 10:00;     1,531;     8,006
2016-12-21 11:00;     1,528;     7,918
2016-12-21 12:00;     1,528;     7,918
2016-12-21 13:00;     1,525;     7,832
2016-12-21 14:00;     1,527;     7,889
2016-12-21 15:00;     1,527;     7,889
2016-12-21 16:00;     1,523;     7,774
2016-12-21 17:00;     1,520;     7,688
2016-12-21 18:00;     1,525;     7,832
2016-12-21 19:00;     1,524;     7,803
2016-12-21 20:00;     1,517;     7,603
2016-12-21 21:00;     1,518;     7,631
2016-12-21 22:00;     1,517;     7,603
2016-12-21 23:00;     1,513;     7,490
2016-12-22 00:00;     1,512;     7,463
2016-12-22 01:00;     1,511;     7,435
2016-12-22 02:00;     1,507;     7,324
2016-12-22 03:00;     1,506;     7,296
2016-12-22 04:00;     1,507;     7,324
2016-12-22 05:00;     1,505;     7,269
2016-12-22 06:00;     1,501;     7,160
2016-12-22 07:00;     1,500;     7,133
2016-12-22 08:00;     1,501;     7,160
2016-12-22 09:00;     1,499;     7,106
2016-12-22 10:00;     1,497;     7,052
2016-12-22 11:00;     1,493;     6,945
2016-12-22 12:00;     1,497;     7,052
2016-12-22 13:00;     1,493;     6,945
2016-12-22 14:00;     1,490;     6,865
2016-12-22 15:00;     1,486;     6,760
2016-12-22 16:00;     1,483;     6,682
2016-12-22 17:00;     1,487;     6,787
2016-12-22 18:00;     1,486;     6,760
2016-12-22 19:00;     1,486;     6,760
2016-12-22 20:00;     1,483;     6,682
2016-12-22 21:00;     1,482;     6,657
2016-12-22 22:00;     1,482;     6,657
2016-12-22 23:00;     1,472;     6,402
2016-12-23 00:00;     1,479;     6,579
2016-12-23 01:00;     1,472;     6,402
2016-12-23 02:00;     1,470;     6,351
2016-12-23 03:00;     1,469;     6,327
2016-12-23 04:00;     1,470;     6,351
2016-12-23 05:00;     1,469;     6,327
2016-12-23 06:00;     1,465;     6,227
2016-12-23 07:00;     1,461;     6,129
2016-12-23 08:00;     1,457;     6,032
2016-12-23 09:00;     1,456;     6,008
2016-12-23 10:00;     1,455;     5,984
2016-12-23 11:00;     1,455;     5,984
2016-12-23 12:00;     1,450;     5,864
2016-12-23 13:00;     1,451;     5,888
2016-12-23 14:00;     1,448;     5,817
2016-12-23 15:00;     1,448;     5,817
2016-12-23 16:00;     1,445;     5,747
2016-12-23 17:00;     1,442;     5,677
2016-12-23 18:00;     1,441;     5,654
2016-12-23 19:00;     1,441;     5,654
2016-12-23 20:00;     1,441;     5,654
2016-12-23 21:00;     1,441;     5,654
2016-12-23 22:00;     1,441;     5,654
2016-12-23 23:00;     1,443;     5,700
2016-12-24 00:00;     1,444;     5,723
2016-12-24 01:00;     1,441;     5,654
2016-12-24 02:00;     1,443;     5,700
2016-12-24 03:00;     1,444;     5,723
2016-12-24 04:00;     1,437;     5,562
2016-12-24 05:00;     1,441;     5,654
2016-12-24 06:00;     1,440;     5,631
2016-12-24 07:00;     1,439;     5,608
2016-12-24 08:00;     1,441;     5,654
2016-12-24 09:00;     1,440;     5,631
2016-12-24 10:00;     1,439;     5,608
2016-12-24 11:00;     1,435;     5,516
2016-12-24 12:00;     1,434;     5,494
2016-12-24 13:00;     1,430;     5,404
2016-12-24 14:00;     1,430;     5,404
2016-12-24 15:00;     1,430;     5,404
2016-12-24 16:00;     1,433;     5,471
2016-12-24 17:00;     1,431;     5,426
2016-12-24 18:00;     1,427;     5,337
2016-12-24 19:00;     1,431;     5,426
2016-12-24 20:00;     1,429;     5,381
2016-12-24 21:00;     1,428;     5,359
2016-12-24 22:00;     1,432;     5,448
2016-12-24 23:00;     1,435;     5,516
2016-12-25 00:00;     1,429;     5,381
2016-12-25 01:00;     1,427;     5,337
2016-12-25 02:00;     1,427;     5,337
2016-12-25 03:00;     1,430;     5,404
2016-12-25 04:00;     1,435;     5,516
2016-12-25 05:00;     1,433;     5,471
2016-12-25 06:00;     1,434;     5,494
2016-12-25 07:00;     1,433;     5,471
2016-12-25 08:00;     1,440;     5,631
2016-12-25 09:00;     1,439;     5,608
2016-12-25 10:00;     1,437;     5,562
2016-12-25 11:00;     1,437;     5,562
2016-12-25 12:00;     1,437;     5,562
2016-12-25 13:00;     1,441;     5,654
2016-12-25 14:00;     1,441;     5,654
2016-12-25 15:00;     1,441;     5,654
2016-12-25 16:00;     1,439;     5,608
2016-12-25 17:00;     1,440;     5,631
2016-12-25 18:00;     1,444;     5,723
2016-12-25 19:00;     1,444;     5,723
2016-12-25 20:00;     1,446;     5,770
2016-12-25 21:00;     1,447;     5,794
2016-12-25 22:00;     1,450;     5,864
2016-12-25 23:00;     1,461;     6,129
2016-12-26 00:00;     1,468;     6,302
2016-12-26 01:00;     1,466;     6,252
2016-12-26 02:00;     1,472;     6,402
2016-12-26 03:00;     1,471;     6,377
2016-12-26 04:00;     1,481;     6,631
2016-12-26 05:00;     1,478;     6,554
2016-12-26 06:00;     1,485;     6,734
2016-12-26 07:00;     1,488;     6,813
2016-12-26 08:00;     1,497;     7,052
2016-12-26 09:00;     1,493;     6,945
2016-12-26 10:00;     1,498;     7,079
2016-12-26 11:00;     1,502;     7,187
2016-12-26 12:00;     1,497;     7,052
2016-12-26 13:00;     1,493;     6,945
2016-12-26 14:00;     1,500;     7,133
2016-12-26 15:00;     1,503;     7,214
2016-12-26 16:00;     1,508;     7,351
2016-12-26 17:00;     1,500;     7,133
2016-12-26 18:00;     1,505;     7,269
2016-12-26 19:00;     1,501;     7,160
2016-12-26 20:00;     1,507;     7,324
2016-12-26 21:00;     1,510;     7,407
2016-12-26 22:00;     1,514;     7,519
2016-12-26 23:00;     1,511;     7,435
2016-12-27 00:00;     1,518;     7,631
2016-12-27 01:00;     1,514;     7,519
2016-12-27 02:00;     1,518;     7,631
2016-12-27 03:00;     1,518;     7,631
2016-12-27 04:00;     1,516;     7,575
2016-12-27 05:00;     1,514;     7,519
2016-12-27 06:00;     1,513;     7,490
2016-12-27 07:00;     1,512;     7,463
2016-12-27 08:00;     1,511;     7,435
2016-12-27 09:00;     1,508;     7,351
2016-12-27 10:00;     1,505;     7,269
2016-12-27 11:00;     1,504;     7,241
2016-12-27 12:00;     1,502;     7,187
2016-12-27 13:00;     1,500;     7,133
2016-12-27 14:00;     1,498;     7,079
2016-12-27 15:00;     1,495;     6,998
2016-12-27 16:00;     1,496;     7,025
2016-12-27 17:00;     1,494;     6,971
2016-12-27 18:00;     1,493;     6,945
2016-12-27 19:00;     1,491;     6,892
2016-12-27 20:00;     1,490;     6,865
2016-12-27 21:00;     1,488;     6,813
2016-12-27 22:00;     1,484;     6,708
2016-12-27 23:00;     1,484;     6,708
2016-12-28 00:00;     1,480;     6,605
2016-12-28 01:00;     1,476;     6,503
2016-12-28 02:00;     1,478;     6,554
2016-12-28 03:00;     1,475;     6,477
2016-12-28 04:00;     1,471;     6,377
2016-12-28 05:00;     1,468;     6,302
2016-12-28 06:00;     1,467;     6,277
2016-12-28 07:00;     1,464;     6,203
2016-12-28 08:00;     1,462;     6,154
2016-12-28 09:00;     1,461;     6,129
2016-12-28 10:00;     1,458;     6,056
2016-12-28 11:00;     1,457;     6,032
2016-12-28 12:00;     1,455;     5,984
2016-12-28 13:00;     1,451;     5,888
2016-12-28 14:00;     1,451;     5,888
2016-12-28 15:00;     1,447;     5,794
2016-12-28 16:00;     1,446;     5,770
2016-12-28 17:00;     1,445;     5,747
2016-12-28 18:00;     1,439;     5,608
2016-12-28 19:00;     1,439;     5,608
2016-12-28 20:00;     1,436;     5,539
2016-12-28 21:00;     1,437;     5,562
2016-12-28 22:00;     1,434;     5,494
2016-12-28 23:00;     1,430;     5,404
2016-12-29 00:00;     1,430;     5,404
2016-12-29 01:00;     1,427;     5,337
2016-12-29 02:00;     1,423;     5,248
2016-12-29 03:00;     1,420;     5,183
2016-12-29 04:00;     1,418;     5,139
2016-12-29 05:00;     1,413;     5,032
2016-12-29 06:00;     1,415;     5,074
2016-12-29 07:00;     1,413;     5,032
2016-12-29 08:00;     1,415;     5,074
2016-12-29 09:00;     1,411;     4,989
2016-12-29 10:00;     1,417;     5,118
2016-12-29 11:00;     1,412;     5,010
2016-12-29 12:00;     1,413;     5,032
2016-12-29 13:00;     1,411;     4,989
2016-12-29 14:00;     1,412;     5,010
2016-12-29 15:00;     1,417;     5,118
2016-12-29 16:00;     1,418;     5,139
2016-12-29 17:00;     1,420;     5,183
2016-12-29 18:00;     1,420;     5,183
2016-12-29 19:00;     1,420;     5,183
2016-12-29 20:00;     1,422;     5,226
2016-12-29 21:00;     1,425;     5,292
2016-12-29 22:00;     1,427;     5,337
2016-12-29 23:00;     1,430;     5,404
2016-12-30 00:00;     1,428;     5,359
2016-12-30 01:00;     1,430;     5,404
2016-12-30 02:00;     1,432;     5,448
2016-12-30 03:00;     1,432;     5,448
2016-12-30 04:00;     1,437;     5,562
2016-12-30 05:00;     1,437;     5,562
2016-12-30 06:00;     1,434;     5,494
2016-12-30 07:00;     1,446;     5,770
2016-12-30 08:00;     1,454;     5,960
2016-12-30 09:00;     1,465;     6,227
2016-12-30 10:00;     1,486;     6,760
2016-12-30 11:00;     1,506;     7,296
2016-12-30 12:00;     1,535;     8,124
2016-12-30 13:00;     1,573;     9,463
2016-12-30 14:00;     1,621;    11,770
2016-12-30 15:00;     1,669;    14,365
2016-12-30 16:00;     1,715;    17,129
2016-12-30 17:00;     1,764;    20,377
2016-12-30 18:00;     1,804;    23,267
2016-12-30 19:00;     1,835;    25,657
2016-12-30 20:00;     1,859;    27,598
2016-12-30 21:00;     1,881;    29,447
2016-12-30 22:00;     1,895;    30,659
2016-12-30 23:00;     1,908;    31,810
2016-12-31 00:00;     1,922;    33,076
2016-12-31 01:00;     1,922;    33,076
2016-12-31 02:00;     1,924;    33,259
2016-12-31 03:00;     1,921;    32,984
2016-12-31 04:00;     1,920;    32,893
2016-12-31 05:00;     1,917;    32,620
2016-12-31 06:00;     1,911;    32,079
2016-12-31 07:00;     1,900;    31,099
2016-12-31 08:00;     1,895;    30,659
2016-12-31 09:00;     1,881;    29,447
2016-12-31 10:00;     1,872;    28,682
2016-12-31 11:00;     1,859;    27,598
2016-12-31 12:00;     1,845;    26,456
2016-12-31 13:00;     1,831;    25,341
2016-12-31 14:00;     1,820;    24,484
2016-12-31 15:00;     1,812;    23,871
2016-12-31 16:00;     1,797;    22,746
2016-12-31 17:00;     1,787;    22,013
2016-12-31 18:00;     1,774;    21,080
2016-12-31 19:00;     1,764;    20,377
2016-12-31 20:00;     1,753;    19,620
2016-12-31 21:00;     1,740;    18,747
2016-12-31 22:00;     1,732;    18,220
2016-12-31 23:00;     1,722;    17,573
2017-01-01 00:00;     1,711;    16,878
2017-01-01 01:00;     1,702;    16,320
2017-01-01 02:00;     1,693;    15,773
2017-01-01 03:00;     1,684;    15,236
2017-01-01 04:00;     1,676;    14,768
2017-01-01 05:00;     1,668;    14,308
2017-01-01 06:00;     1,658;    13,745
2017-01-01 07:00;     1,651;    13,358
2017-01-01 08:00;     1,644;    12,977
2017-01-01 09:00;     1,637;    12,603
2017-01-01 10:00;     1,631;    12,287
2017-01-01 11:00;     1,623;    11,873
2017-01-01 12:00;     1,618;    11,618
2017-01-01 13:00;     1,613;    11,366
2017-01-01 14:00;     1,607;    11,068
2017-01-01 15:00;     1,599;    10,678
2017-01-01 16:00;     1,592;    10,342
2017-01-01 17:00;     1,588;    10,154
2017-01-01 18:00;     1,581;     9,828
2017-01-01 19:00;     1,574;     9,508
2017-01-01 20:00;     1,567;     9,194
2017-01-01 21:00;     1,564;     9,062
2017-01-01 22:00;     1,558;     8,824
2017-01-01 23:00;     1,554;     8,699
2017-01-02 00:00;     1,550;     8,576
2017-01-02 01:00;     1,546;     8,454
2017-01-02 02:00;     1,542;     8,333
2017-01-02 03:00;     1,536;     8,153
2017-01-02 04:00;     1,533;     8,065
2017-01-02 05:00;     1,529;     7,948
2017-01-02 06:00;     1,526;     7,860
2017-01-02 07:00;     1,523;     7,774
2017-01-02 08:00;     1,518;     7,631
2017-01-02 09:00;     1,514;     7,519
2017-01-02 10:00;     1,510;     7,407
2017-01-02 11:00;     1,507;     7,324
2017-01-02 12:00;     1,506;     7,296
2017-01-02 13:00;     1,500;     7,133
2017-01-02 14:00;     1,499;     7,106
2017-01-02 15:00;     1,496;     7,025
2017-01-02 16:00;     1,493;     6,945
2017-01-02 17:00;     1,489;     6,839
2017-01-02 18:00;     1,485;     6,734
2017-01-02 19:00;     1,484;     6,708
2017-01-02 20:00;     1,479;     6,579
2017-01-02 21:00;     1,476;     6,503
2017-01-02 22:00;     1,474;     6,452
2017-01-02 23:00;     1,473;     6,427
2017-01-03 00:00;     1,469;     6,327
2017-01-03 01:00;     1,468;     6,302
2017-01-03 02:00;     1,465;     6,227
2017-01-03 03:00;     1,464;     6,203
2017-01-03 04:00;     1,462;     6,154
2017-01-03 05:00;     1,460;     6,105
2017-01-03 06:00;     1,458;     6,056
2017-01-03 07:00;     1,453;     5,936
2017-01-03 08:00;     1,454;     5,960
2017-01-03 09:00;     1,451;     5,888
2017-01-03 10:00;     1,449;     5,841
2017-01-03 11:00;     1,450;     5,864
2017-01-03 12:00;     1,442;     5,677
2017-01-03 13:00;     1,441;     5,654
2017-01-03 14:00;     1,447;     5,794
2017-01-03 15:00;     1,446;     5,770
2017-01-03 16:00;     1,442;     5,677
2017-01-03 17:00;     1,442;     5,677
2017-01-03 18:00;     1,435;     5,516
2017-01-03 19:00;     1,437;     5,562
2017-01-03 20:00;     1,438;     5,585
2017-01-03 21:00;     1,439;     5,608
2017-01-03 22:00;     1,439;     5,608
2017-01-03 23:00;     1,437;     5,562
2017-01-04 00:00;     1,434;     5,494
2017-01-04 01:00;     1,434;     5,494
2017-01-04 02:00;     1,431;     5,426
2017-01-04 03:00;     1,431;     5,426
2017-01-04 04:00;     1,428;     5,359
2017-01-04 05:00;     1,426;     5,314
2017-01-04 06:00;     1,422;     5,226
2017-01-04 07:00;     1,422;     5,226
2017-01-04 08:00;     1,423;     5,248
2017-01-04 09:00;     1,418;     5,139
2017-01-04 10:00;     1,413;     5,032
2017-01-04 11:00;     1,411;     4,989
2017-01-04 12:00;     1,410;     4,968
2017-01-04 13:00;     1,407;     4,905
2017-01-04 14:00;     1,407;     4,905
2017-01-04 15:00;     1,405;     4,863
2017-01-04 16:00;     1,402;     4,801
2017-01-04 17:00;     1,402;     4,801
2017-01-04 18:00;     1,398;     4,718
2017-01-04 19:00;     1,396;     4,678
2017-01-04 20:00;     1,393;     4,617
2017-01-04 21:00;     1,395;     4,657
2017-01-04 22:00;     1,392;     4,597
2017-01-04 23:00;     1,389;     4,537
2017-01-05 00:00;     1,386;     4,478
2017-01-05 01:00;     1,384;     4,438
2017-01-05 02:00;     1,383;     4,419
2017-01-05 03:00;     1,381;     4,380
2017-01-05 04:00;     1,380;     4,360
2017-01-05 05:00;     1,377;     4,302
2017-01-05 06:00;     1,375;     4,264
2017-01-05 07:00;     1,372;     4,207
2017-01-05 08:00;     1,371;     4,188
2017-01-05 09:00;     1,370;     4,170
2017-01-05 10:00;     1,368;     4,132
2017-01-05 11:00;     1,365;     4,076
2017-01-05 12:00;     1,363;     4,040
2017-01-05 13:00;     1,362;     4,021
2017-01-05 14:00;     1,360;     3,985
2017-01-05 15:00;     1,359;     3,966
2017-01-05 16:00;     1,355;     3,894
2017-01-05 17:00;     1,354;     3,876
2017-01-05 18:00;     1,352;     3,841
2017-01-05 19:00;     1,353;     3,859
2017-01-05 20:00;     1,349;     3,788
2017-01-05 21:00;     1,349;     3,788
2017-01-05 22:00;     1,348;     3,770
2017-01-05 23:00;     1,343;     3,683
2017-01-06 00:00;     1,342;     3,666
2017-01-06 01:00;     1,342;     3,666
2017-01-06 02:00;     1,340;     3,632
2017-01-06 03:00;     1,340;     3,632
2017-01-06 04:00;     1,340;     3,632
2017-01-06 05:00;     1,337;     3,581
2017-01-06 06:00;     1,336;     3,564
2017-01-06 07:00;     1,335;     3,547
2017-01-06 08:00;     1,333;     3,513
2017-01-06 09:00;     1,334;     3,530
2017-01-06 10:00;     1,332;     3,497
2017-01-06 11:00;     1,331;     3,480
2017-01-06 12:00;     1,332;     3,497
2017-01-06 13:00;     1,325;     3,381
2017-01-06 14:00;     1,333;     3,513
2017-01-06 15:00;     1,329;     3,447
2017-01-06 16:00;     1,328;     3,431
2017-01-06 17:00;     1,328;     3,431
2017-01-06 18:00;     1,330;     3,464
2017-01-06 19:00;     1,327;     3,414
2017-01-06 20:00;     1,329;     3,447
2017-01-06 21:00;     1,324;     3,365
2017-01-06 22:00;     1,330;     3,464
2017-01-06 23:00;     1,323;     3,349
2017-01-07 00:00;     1,323;     3,349
2017-01-07 01:00;     1,318;     3,269
2017-01-07 02:00;     1,323;     3,349
2017-01-07 03:00;     1,325;     3,381
2017-01-07 04:00;     1,319;     3,285
2017-01-07 05:00;     1,320;     3,301
2017-01-07 06:00;     1,318;     3,269
2017-01-07 07:00;     1,320;     3,301
2017-01-07 08:00;     1,318;     3,269
2017-01-07 09:00;     1,318;     3,269
2017-01-07 10:00;     1,316;     3,237
2017-01-07 11:00;     1,316;     3,237
2017-01-07 12:00;     1,314;     3,206
2017-01-07 13:00;     1,314;     3,206
2017-01-07 14:00;     1,314;     3,206
2017-01-07 15:00;     1,314;     3,206
2017-01-07 16:00;     1,312;     3,174
2017-01-07 17:00;     1,313;     3,190
2017-01-07 18:00;     1,311;     3,159
2017-01-07 19:00;     1,310;     3,143
2017-01-07 20:00;     1,311;     3,159
2017-01-07 21:00;     1,309;     3,128
2017-01-07 22:00;     1,307;     3,097
2017-01-07 23:00;     1,307;     3,097
2017-01-08 00:00;     1,308;     3,112
2017-01-08 01:00;     1,305;     3,066
2017-01-08 02:00;     1,304;     3,051
2017-01-08 03:00;     1,304;     3,051
2017-01-08 04:00;     1,302;     3,021
2017-01-08 05:00;     1,302;     3,021
2017-01-08 06:00;     1,300;     2,991
2017-01-08 07:00;     1,302;     3,021
2017-01-08 08:00;     1,302;     3,021
2017-01-08 09:00;     1,302;     3,021
2017-01-08 10:00;     1,302;     3,021
2017-01-08 11:00;     1,299;     2,976
2017-01-08 12:00;     1,300;     2,991
2017-01-08 13:00;     1,299;     2,976
2017-01-08 14:00;     1,299;     2,976
2017-01-08 15:00;     1,299;     2,976
2017-01-08 16:00;     1,301;     3,006
2017-01-08 17:00;     1,293;     2,887
2017-01-08 18:00;     1,292;     2,873
2017-01-08 19:00;     1,291;     2,858
2017-01-08 20:00;     1,292;     2,873
2017-01-08 21:00;     1,293;     2,887
2017-01-08 22:00;     1,290;     2,844
2017-01-08 23:00;     1,292;     2,873
2017-01-09 00:00;     1,292;     2,873
2017-01-09 01:00;     1,291;     2,858
2017-01-09 02:00;     1,290;     2,844
2017-01-09 03:00;     1,290;     2,844
2017-01-09 04:00;     1,291;     2,858
2017-01-09 05:00;     1,290;     2,844
2017-01-09 06:00;     1,293;     2,887
2017-01-09 07:00;     1,292;     2,873
2017-01-09 08:00;     1,290;     2,844
2017-01-09 09:00;     1,295;     2,917
2017-01-09 10:00;     1,292;     2,873
2017-01-09 11:00;     1,292;     2,873
2017-01-09 12:00;     1,295;     2,917
2017-01-09 13:00;     1,297;     2,946
2017-01-09 14:00;     1,298;     2,961
2017-01-09 15:00;     1,298;     2,961
2017-01-09 16:00;     1,302;     3,021
2017-01-09 17:00;     1,304;     3,051
2017-01-09 18:00;     1,307;     3,097
2017-01-09 19:00;     1,308;     3,112
2017-01-09 20:00;     1,313;     3,190
2017-01-09 21:00;     1,313;     3,190
2017-01-09 22:00;     1,317;     3,253
2017-01-09 23:00;     1,319;     3,285
2017-01-10 00:00;     1,321;     3,317
2017-01-10 01:00;     1,325;     3,381
2017-01-10 02:00;     1,328;     3,431
2017-01-10 03:00;     1,331;     3,480
2017-01-10 04:00;     1,335;     3,547
2017-01-10 05:00;     1,338;     3,598
2017-01-10 06:00;     1,342;     3,666
2017-01-10 07:00;     1,343;     3,683
2017-01-10 08:00;     1,350;     3,805
2017-01-10 09:00;     1,351;     3,823
2017-01-10 10:00;     1,356;     3,912
2017-01-10 11:00;     1,356;     3,912
2017-01-10 12:00;     1,359;     3,966
2017-01-10 13:00;     1,362;     4,021
2017-01-10 14:00;     1,360;     3,985
2017-01-10 15:00;     1,364;     4,058
2017-01-10 16:00;     1,364;     4,058
2017-01-10 17:00;     1,363;     4,040
2017-01-10 18:00;     1,368;     4,132
2017-01-10 19:00;     1,367;     4,114
2017-01-10 20:00;     1,368;     4,132
2017-01-10 21:00;     1,369;     4,151
2017-01-10 22:00;     1,371;     4,188
2017-01-10 23:00;     1,371;     4,188
2017-01-11 00:00;     1,369;     4,151
2017-01-11 01:00;     1,372;     4,207
2017-01-11 02:00;     1,370;     4,170
2017-01-11 03:00;     1,374;     4,245
2017-01-11 04:00;     1,374;     4,245
2017-01-11 05:00;     1,377;     4,302
2017-01-11 06:00;     1,376;     4,283
2017-01-11 07:00;     1,377;     4,302
2017-01-11 08:00;     1,378;     4,322
2017-01-11 09:00;     1,379;     4,341
2017-01-11 10:00;     1,379;     4,341
2017-01-11 11:00;     1,379;     4,341
2017-01-11 12:00;     1,378;     4,322
2017-01-11 13:00;     1,380;     4,360
2017-01-11 14:00;     1,381;     4,380
2017-01-11 15:00;     1,380;     4,360
2017-01-11 16:00;     1,377;     4,302
2017-01-11 17:00;     1,381;     4,380
2017-01-11 18:00;     1,378;     4,322
2017-01-11 19:00;     1,377;     4,302
2017-01-11 20:00;     1,379;     4,341
2017-01-11 21:00;     1,376;     4,283
2017-01-11 22:00;     1,377;     4,302
2017-01-11 23:00;     1,374;     4,245
2017-01-12 00:00;     1,374;     4,245
2017-01-12 01:00;     1,369;     4,151
2017-01-12 02:00;     1,371;     4,188
2017-01-12 03:00;     1,373;     4,226
2017-01-12 04:00;     1,371;     4,188
2017-01-12 05:00;     1,370;     4,170
2017-01-12 06:00;     1,372;     4,207
2017-01-12 07:00;     1,374;     4,245
2017-01-12 08:00;     1,371;     4,188
2017-01-12 09:00;     1,370;     4,170
2017-01-12 10:00;     1,369;     4,151
2017-01-12 11:00;     1,372;     4,207
2017-01-12 12:00;     1,367;     4,114
2017-01-12 13:00;     1,367;     4,114
2017-01-12 14:00;     1,367;     4,114
2017-01-12 15:00;     1,363;     4,040
2017-01-12 16:00;     1,366;     4,095
2017-01-12 17:00;     1,367;     4,114
2017-01-12 18:00;     1,364;     4,058
2017-01-12 19:00;     1,364;     4,058
2017-01-12 20:00;     1,361;     4,003
2017-01-12 21:00;     1,362;     4,021
2017-01-12 22:00;     1,356;     3,912
2017-01-12 23:00;     1,357;     3,930
2017-01-13 00:00;     1,356;     3,912
2017-01-13 01:00;     1,357;     3,930
2017-01-13 02:00;     1,353;     3,859
2017-01-13 03:00;     1,353;     3,859
2017-01-13 04:00;     1,352;     3,841
2017-01-13 05:00;     1,350;     3,805
2017-01-13 06:00;     1,348;     3,770
2017-01-13 07:00;     1,348;     3,770
2017-01-13 08:00;     1,346;     3,735
2017-01-13 09:00;     1,346;     3,735
2017-01-13 10:00;     1,343;     3,683
2017-01-13 11:00;     1,342;     3,666
2017-01-13 12:00;     1,339;     3,615
2017-01-13 13:00;     1,337;     3,581
2017-01-13 14:00;     1,336;     3,564
2017-01-13 15:00;     1,335;     3,547
2017-01-13 16:00;     1,335;     3,547
2017-01-13 17:00;     1,333;     3,513
2017-01-13 18:00;     1,331;     3,480
2017-01-13 19:00;     1,332;     3,497
2017-01-13 20:00;     1,330;     3,464
2017-01-13 21:00;     1,328;     3,431
2017-01-13 22:00;     1,328;     3,431
2017-01-13 23:00;     1,325;     3,381
2017-01-14 00:00;     1,324;     3,365
2017-01-14 01:00;     1,322;     3,333
2017-01-14 02:00;     1,322;     3,333
2017-01-14 03:00;     1,322;     3,333
2017-01-14 04:00;     1,319;     3,285
2017-01-14 05:00;     1,318;     3,269
2017-01-14 06:00;     1,318;     3,269
2017-01-14 07:00;     1,313;     3,190
2017-01-14 08:00;     1,313;     3,190
2017-01-14 09:00;     1,311;     3,159
2017-01-14 10:00;     1,313;     3,190
2017-01-14 11:00;     1,311;     3,159
2017-01-14 12:00;     1,307;     3,097
2017-01-14 13:00;     1,307;     3,097
2017-01-14 14:00;     1,306;     3,082
2017-01-14 15:00;     1,302;     3,021
2017-01-14 16:00;     1,304;     3,051
2017-01-14 17:00;     1,302;     3,021
2017-01-14 18:00;     1,300;     2,991
2017-01-14 19:00;     1,300;     2,991
2017-01-14 20:00;     1,296;     2,931
2017-01-14 21:00;     1,297;     2,946
2017-01-14 22:00;     1,294;     2,902
2017-01-14 23:00;     1,296;     2,931
2017-01-15 00:00;     1,292;     2,873
2017-01-15 01:00;     1,290;     2,844
2017-01-15 02:00;     1,293;     2,887
2017-01-15 03:00;     1,289;     2,829
2017-01-15 04:00;     1,291;     2,858
2017-01-15 05:00;     1,287;     2,800
2017-01-15 06:00;     1,289;     2,829
2017-01-15 07:00;     1,286;     2,786
2017-01-15 08:00;     1,284;     2,758
2017-01-15 09:00;     1,283;     2,744
2017-01-15 10:00;     1,282;     2,729
2017-01-15 11:00;     1,281;     2,715
2017-01-15 12:00;     1,279;     2,687
2017-01-15 13:00;     1,276;     2,646
2017-01-15 14:00;     1,276;     2,646
2017-01-15 15:00;     1,276;     2,646
2017-01-15 16:00;     1,274;     2,618
2017-01-15 17:00;     1,275;     2,632
2017-01-15 18:00;     1,272;     2,591
2017-01-15 19:00;     1,270;     2,564
2017-01-15 20:00;     1,271;     2,578
2017-01-15 21:00;     1,272;     2,591
2017-01-15 22:00;     1,267;     2,524
2017-01-15 23:00;     1,265;     2,497
2017-01-16 00:00;     1,270;     2,564
2017-01-16 01:00;     1,265;     2,497
2017-01-16 02:00;     1,263;     2,471
2017-01-16 03:00;     1,260;     2,432
2017-01-16 04:00;     1,264;     2,484
2017-01-16 05:00;     1,258;     2,406
2017-01-16 06:00;     1,258;     2,406
2017-01-16 07:00;     1,261;     2,445
2017-01-16 08:00;     1,254;     2,354
2017-01-16 09:00;     1,257;     2,393
2017-01-16 10:00;     1,254;     2,354
2017-01-16 11:00;     1,253;     2,342
2017-01-16 12:00;     1,252;     2,329
2017-01-16 13:00;     1,249;     2,291
2017-01-16 14:00;     1,251;     2,317
2017-01-16 15:00;     1,251;     2,317
2017-01-16 16:00;     1,251;     2,317
2017-01-16 17:00;     1,247;     2,267
2017-01-16 18:00;     1,247;     2,267
2017-01-16 19:00;     1,246;     2,254
2017-01-16 20:00;     1,244;     2,230
2017-01-16 21:00;     1,247;     2,267
2017-01-16 22:00;     1,244;     2,230
2017-01-16 23:00;     1,243;     2,217
2017-01-17 00:00;     1,242;     2,205
2017-01-17 01:00;     1,243;     2,217
2017-01-17 02:00;     1,240;     2,181
2017-01-17 03:00;     1,240;     2,181
2017-01-17 04:00;     1,241;     2,193
2017-01-17 05:00;     1,240;     2,181
2017-01-17 06:00;     1,239;     2,169
2017-01-17 07:00;     1,238;     2,157
2017-01-17 08:00;     1,239;     2,169
2017-01-17 09:00;     1,240;     2,181
2017-01-17 10:00;     1,242;     2,205
2017-01-17 11:00;     1,240;     2,181
2017-01-17 12:00;     1,238;     2,157
2017-01-17 13:00;     1,240;     2,181
2017-01-17 14:00;     1,238;     2,157
2017-01-17 15:00;     1,238;     2,157
2017-01-17 16:00;     1,240;     2,181
2017-01-17 17:00;     1,238;     2,157
2017-01-17 18:00;     1,239;     2,169
2017-01-17 19:00;     1,240;     2,181
2017-01-17 20:00;     1,239;     2,169
2017-01-17 21:00;     1,237;     2,145
2017-01-17 22:00;     1,236;     2,133
2017-01-17 23:00;     1,240;     2,181
2017-01-18 00:00;     1,240;     2,181
2017-01-18 01:00;     1,243;     2,217
2017-01-18 02:00;     1,232;     2,086
2017-01-18 03:00;     1,233;     2,097
2017-01-18 04:00;     1,233;     2,097
2017-01-18 05:00;     1,237;     2,145
2017-01-18 06:00;     1,237;     2,145
2017-01-18 07:00;     1,231;     2,074
2017-01-18 08:00;     1,230;     2,062
2017-01-18 09:00;     1,230;     2,062
2017-01-18 10:00;     1,233;     2,097
2017-01-18 11:00;     1,232;     2,086
2017-01-18 12:00;     1,235;     2,121
2017-01-18 13:00;     1,232;     2,086
2017-01-18 14:00;     1,234;     2,109
2017-01-18 15:00;     1,235;     2,121
2017-01-18 16:00;     1,237;     2,145
2017-01-18 17:00;     1,244;     2,230
2017-01-18 18:00;     1,251;     2,317
2017-01-18 19:00;     1,259;     2,419
2017-01-18 20:00;     1,268;     2,537
2017-01-18 21:00;     1,272;     2,591
2017-01-18 22:00;     1,280;     2,701
2017-01-18 23:00;     1,293;     2,887
2017-01-19 00:00;     1,303;     3,036
2017-01-19 01:00;     1,306;     3,082
2017-01-19 02:00;     1,315;     3,221
2017-01-19 03:00;     1,325;     3,381
2017-01-19 04:00;     1,332;     3,497
2017-01-19 05:00;     1,342;     3,666
2017-01-19 06:00;     1,349;     3,788
2017-01-19 07:00;     1,360;     3,985
2017-01-19 08:00;     1,367;     4,114
2017-01-19 09:00;     1,376;     4,283
2017-01-19 10:00;     1,388;     4,517
2017-01-19 11:00;     1,398;     4,718
2017-01-19 12:00;     1,417;     5,118
2017-01-19 13:00;     1,429;     5,381
2017-01-19 14:00;     1,451;     5,888
2017-01-19 15:00;     1,471;     6,377
2017-01-19 16:00;     1,494;     6,971
2017-01-19 17:00;     1,521;     7,717
2017-01-19 18:00;     1,546;     8,454
2017-01-19 19:00;     1,571;     9,373
2017-01-19 20:00;     1,594;    10,438
2017-01-19 21:00;     1,620;    11,719
2017-01-19 22:00;     1,641;    12,816
2017-01-19 23:00;     1,663;    14,025
2017-01-20 00:00;     1,679;    14,943
2017-01-20 01:00;     1,699;    16,136
2017-01-20 02:00;     1,718;    17,319
2017-01-20 03:00;     1,736;    18,482
2017-01-20 04:00;     1,751;    19,485
2017-01-20 05:00;     1,771;    20,868
2017-01-20 06:00;     1,788;    22,085
2017-01-20 07:00;     1,806;    23,418
2017-01-20 08:00;     1,827;    25,028
2017-01-20 09:00;     1,848;    26,698
2017-01-20 10:00;     1,873;    28,767
2017-01-20 11:00;     1,893;    30,484
2017-01-20 12:00;     1,910;    31,989
2017-01-20 13:00;     1,925;    33,350
2017-01-20 14:00;     1,932;    33,997
2017-01-20 15:00;     1,939;    34,650
2017-01-20 16:00;     1,941;    34,838
2017-01-20 17:00;     1,943;    35,027
2017-01-20 18:00;     1,941;    34,838
2017-01-20 19:00;     1,937;    34,463
2017-01-20 20:00;     1,931;    33,904
2017-01-20 21:00;     1,921;    32,984
2017-01-20 22:00;     1,914;    32,349
2017-01-20 23:00;     1,904;    31,453
2017-01-21 00:00;     1,896;    30,747
2017-01-21 01:00;     1,886;    29,877
2017-01-21 02:00;     1,876;    29,021
2017-01-21 03:00;     1,865;    28,095
2017-01-21 04:00;     1,855;    27,269
2017-01-21 05:00;     1,848;    26,698
2017-01-21 06:00;     1,837;    25,816
2017-01-21 07:00;     1,830;    25,263
2017-01-21 08:00;     1,819;    24,407
2017-01-21 09:00;     1,811;    23,795
2017-01-21 10:00;     1,800;    22,969
2017-01-21 11:00;     1,793;    22,451
2017-01-21 12:00;     1,784;    21,795
2017-01-21 13:00;     1,774;    21,080
2017-01-21 14:00;     1,764;    20,377
2017-01-21 15:00;     1,755;    19,757
2017-01-21 16:00;     1,745;    19,080
2017-01-21 17:00;     1,737;    18,548
2017-01-21 18:00;     1,728;    17,960
2017-01-21 19:00;     1,719;    17,382
2017-01-21 20:00;     1,711;    16,878
2017-01-21 21:00;     1,703;    16,381
2017-01-21 22:00;     1,693;    15,773
2017-01-21 23:00;     1,686;    15,355
2017-01-22 00:00;     1,678;    14,884
2017-01-22 01:00;     1,670;    14,422
2017-01-22 02:00;     1,662;    13,969
2017-01-22 03:00;     1,657;    13,689
2017-01-22 04:00;     1,647;    13,140
2017-01-22 05:00;     1,641;    12,816
2017-01-22 06:00;     1,635;    12,497
2017-01-22 07:00;     1,628;    12,131
2017-01-22 08:00;     1,622;    11,821
2017-01-22 09:00;     1,616;    11,517
2017-01-22 10:00;     1,609;    11,167
2017-01-22 11:00;     1,604;    10,921
2017-01-22 12:00;     1,598;    10,629
2017-01-22 13:00;     1,593;    10,390
2017-01-22 14:00;     1,588;    10,154
2017-01-22 15:00;     1,581;     9,828
2017-01-22 16:00;     1,577;     9,644
2017-01-22 17:00;     1,573;     9,463
2017-01-22 18:00;     1,567;     9,194
2017-01-22 19:00;     1,561;     8,930
2017-01-22 20:00;     1,558;     8,824
2017-01-22 21:00;     1,553;     8,668
2017-01-22 22:00;     1,547;     8,484
2017-01-22 23:00;     1,544;     8,393
2017-01-23 00:00;     1,540;     8,273
2017-01-23 01:00;     1,535;     8,124
2017-01-23 02:00;     1,531;     8,006
2017-01-23 03:00;     1,526;     7,860
2017-01-23 04:00;     1,524;     7,803
2017-01-23 05:00;     1,519;     7,660
2017-01-23 06:00;     1,518;     7,631
2017-01-23 07:00;     1,515;     7,547
2017-01-23 08:00;     1,511;     7,435
2017-01-23 09:00;     1,507;     7,324
2017-01-23 10:00;     1,506;     7,296
2017-01-23 11:00;     1,500;     7,133
2017-01-23 12:00;     1,499;     7,106
2017-01-23 13:00;     1,495;     6,998
2017-01-23 14:00;     1,492;     6,918
2017-01-23 15:00;     1,490;     6,865
2017-01-23 16:00;     1,488;     6,813
2017-01-23 17:00;     1,484;     6,708
2017-01-23 18:00;     1,481;     6,631
2017-01-23 19:00;     1,478;     6,554
2017-01-23 20:00;     1,476;     6,503
2017-01-23 21:00;     1,472;     6,402
2017-01-23 22:00;     1,470;     6,351
2017-01-23 23:00;     1,468;     6,302
2017-01-24 00:00;     1,464;     6,203
2017-01-24 01:00;     1,461;     6,129
2017-01-24 02:00;     1,459;     6,080
2017-01-24 03:00;     1,457;     6,032
2017-01-24 04:00;     1,454;     5,960
2017-01-24 05:00;     1,452;     5,912
2017-01-24 06:00;     1,451;     5,888
2017-01-24 07:00;     1,448;     5,817
2017-01-24 08:00;     1,445;     5,747
2017-01-24 09:00;     1,443;     5,700
2017-01-24 10:00;     1,439;     5,608
2017-01-24 11:00;     1,438;     5,585
2017-01-24 12:00;     1,436;     5,539
2017-01-24 13:00;     1,432;     5,448
2017-01-24 14:00;     1,431;     5,426
2017-01-24 15:00;     1,427;     5,337
2017-01-24 16:00;     1,427;     5,337
2017-01-24 17:00;     1,423;     5,248
2017-01-24 18:00;     1,424;     5,270
2017-01-24 19:00;     1,423;     5,248
2017-01-24 20:00;     1,419;     5,161
2017-01-24 21:00;     1,418;     5,139
2017-01-24 22:00;     1,416;     5,096
2017-01-24 23:00;     1,416;     5,096
2017-01-25 00:00;     1,415;     5,074
2017-01-25 01:00;     1,411;     4,989
2017-01-25 02:00;     1,409;     4,947
2017-01-25 03:00;     1,408;     4,926
2017-01-25 04:00;     1,405;     4,863
2017-01-25 05:00;     1,404;     4,842
2017-01-25 06:00;     1,401;     4,780
2017-01-25 07:00;     1,400;     4,759
2017-01-25 08:00;     1,397;     4,698
2017-01-25 09:00;     1,397;     4,698
2017-01-25 10:00;     1,396;     4,678
2017-01-25 11:00;     1,391;     4,577
2017-01-25 12:00;     1,390;     4,557
2017-01-25 13:00;     1,391;     4,577
2017-01-25 14:00;     1,388;     4,517
2017-01-25 15:00;     1,384;     4,438
2017-01-25 16:00;     1,385;     4,458
2017-01-25 17:00;     1,386;     4,478
2017-01-25 18:00;     1,388;     4,517
2017-01-25 19:00;     1,384;     4,438
2017-01-25 20:00;     1,386;     4,478
2017-01-25 21:00;     1,388;     4,517
2017-01-25 22:00;     1,388;     4,517
2017-01-25 23:00;     1,394;     4,637
2017-01-26 00:00;     1,396;     4,678
2017-01-26 01:00;     1,404;     4,842
2017-01-26 02:00;     1,402;     4,801
2017-01-26 03:00;     1,405;     4,863
2017-01-26 04:00;     1,414;     5,053
2017-01-26 05:00;     1,420;     5,183
2017-01-26 06:00;     1,423;     5,248
2017-01-26 07:00;     1,432;     5,448
2017-01-26 08:00;     1,436;     5,539
2017-01-26 09:00;     1,440;     5,631
2017-01-26 10:00;     1,444;     5,723
2017-01-26 11:00;     1,446;     5,770
2017-01-26 12:00;     1,450;     5,864
2017-01-26 13:00;     1,452;     5,912
2017-01-26 14:00;     1,453;     5,936
2017-01-26 15:00;     1,456;     6,008
2017-01-26 16:00;     1,457;     6,032
2017-01-26 17:00;     1,458;     6,056
2017-01-26 18:00;     1,459;     6,080
2017-01-26 19:00;     1,460;     6,105
2017-01-26 20:00;     1,460;     6,105
2017-01-26 21:00;     1,461;     6,129
2017-01-26 22:00;     1,460;     6,105
2017-01-26 23:00;     1,460;     6,105
2017-01-27 00:00;     1,457;     6,032
2017-01-27 01:00;     1,458;     6,056
2017-01-27 02:00;     1,458;     6,056
2017-01-27 03:00;     1,453;     5,936
2017-01-27 04:00;     1,455;     5,984
2017-01-27 05:00;     1,452;     5,912
2017-01-27 06:00;     1,452;     5,912
2017-01-27 07:00;     1,448;     5,817
2017-01-27 08:00;     1,453;     5,936
2017-01-27 09:00;     1,447;     5,794
2017-01-27 10:00;     1,447;     5,794
2017-01-27 11:00;     1,444;     5,723
2017-01-27 12:00;     1,444;     5,723
2017-01-27 13:00;     1,444;     5,723
2017-01-27 14:00;     1,441;     5,654
2017-01-27 15:00;     1,443;     5,700
2017-01-27 16:00;     1,437;     5,562
2017-01-27 17:00;     1,438;     5,585
2017-01-27 18:00;     1,436;     5,539
2017-01-27 19:00;     1,433;     5,471
2017-01-27 20:00;     1,428;     5,359
2017-01-27 21:00;     1,433;     5,471
2017-01-27 22:00;     1,427;     5,337
2017-01-27 23:00;     1,424;     5,270
2017-01-28 00:00;     1,426;     5,314
2017-01-28 01:00;     1,425;     5,292
2017-01-28 02:00;     1,421;     5,204
2017-01-28 03:00;     1,421;     5,204
2017-01-28 04:00;     1,419;     5,161
2017-01-28 05:00;     1,419;     5,161
2017-01-28 06:00;     1,418;     5,139
2017-01-28 07:00;     1,416;     5,096
2017-01-28 08:00;     1,414;     5,053
2017-01-28 09:00;     1,414;     5,053
2017-01-28 10:00;     1,410;     4,968
2017-01-28 11:00;     1,409;     4,947
2017-01-28 12:00;     1,405;     4,863
2017-01-28 13:00;     1,404;     4,842
2017-01-28 14:00;     1,405;     4,863
2017-01-28 15:00;     1,403;     4,821
2017-01-28 16:00;     1,403;     4,821
2017-01-28 17:00;     1,402;     4,801
2017-01-28 18:00;     1,400;     4,759
2017-01-28 19:00;     1,398;     4,718
2017-01-28 20:00;     1,397;     4,698
2017-01-28 21:00;     1,395;     4,657
2017-01-28 22:00;     1,395;     4,657
2017-01-28 23:00;     1,391;     4,577
2017-01-29 00:00;     1,388;     4,517
2017-01-29 01:00;     1,389;     4,537
2017-01-29 02:00;     1,386;     4,478
2017-01-29 03:00;     1,387;     4,497
2017-01-29 04:00;     1,383;     4,419
2017-01-29 05:00;     1,382;     4,399
2017-01-29 06:00;     1,384;     4,438
2017-01-29 07:00;     1,382;     4,399
2017-01-29 08:00;     1,381;     4,380
2017-01-29 09:00;     1,378;     4,322
2017-01-29 10:00;     1,377;     4,302
2017-01-29 11:00;     1,374;     4,245
2017-01-29 12:00;     1,374;     4,245
2017-01-29 13:00;     1,372;     4,207
2017-01-29 14:00;     1,372;     4,207
2017-01-29 15:00;     1,370;     4,170
2017-01-29 16:00;     1,370;     4,170
2017-01-29 17:00;     1,369;     4,151
2017-01-29 18:00;     1,366;     4,095
2017-01-29 19:00;     1,366;     4,095
2017-01-29 20:00;     1,363;     4,040
2017-01-29 21:00;     1,363;     4,040
2017-01-29 22:00;     1,360;     3,985
2017-01-29 23:00;     1,360;     3,985
2017-01-30 00:00;     1,358;     3,948
2017-01-30 01:00;     1,356;     3,912
2017-01-30 02:00;     1,354;     3,876
2017-01-30 03:00;     1,353;     3,859
2017-01-30 04:00;     1,353;     3,859
2017-01-30 05:00;     1,349;     3,788
2017-01-30 06:00;     1,349;     3,788
2017-01-30 07:00;     1,346;     3,735
2017-01-30 08:00;     1,346;     3,735
2017-01-30 09:00;     1,344;     3,701
2017-01-30 10:00;     1,342;     3,666
2017-01-30 11:00;     1,341;     3,649
2017-01-30 12:00;     1,338;     3,598
2017-01-30 13:00;     1,337;     3,581
2017-01-30 14:00;     1,336;     3,564
2017-01-30 15:00;     1,334;     3,530
2017-01-30 16:00;     1,332;     3,497
2017-01-30 17:00;     1,332;     3,497
2017-01-30 18:00;     1,330;     3,464
2017-01-30 19:00;     1,330;     3,464
2017-01-30 20:00;     1,327;     3,414
2017-01-30 21:00;     1,325;     3,381
2017-01-30 22:00;     1,325;     3,381
2017-01-30 23:00;     1,322;     3,333
2017-01-31 00:00;     1,323;     3,349
2017-01-31 01:00;     1,321;     3,317
2017-01-31 02:00;     1,318;     3,269
2017-01-31 03:00;     1,314;     3,206
2017-01-31 04:00;     1,314;     3,206
2017-01-31 05:00;     1,311;     3,159
2017-01-31 06:00;     1,311;     3,159
2017-01-31 07:00;     1,310;     3,143
2017-01-31 08:00;     1,310;     3,143
2017-01-31 09:00;     1,307;     3,097
2017-01-31 10:00;     1,304;     3,051
2017-01-31 11:00;     1,304;     3,051
2017-01-31 12:00;     1,299;     2,976
2017-01-31 13:00;     1,299;     2,976
2017-01-31 14:00;     1,297;     2,946
2017-01-31 15:00;     1,297;     2,946
2017-01-31 16:00;     1,296;     2,931
2017-01-31 17:00;     1,294;     2,902
2017-01-31 18:00;     1,291;     2,858
2017-01-31 19:00;     1,293;     2,887
2017-01-31 20:00;     1,290;     2,844
2017-01-31 21:00;     1,286;     2,786
2017-01-31 22:00;     1,289;     2,829
2017-01-31 23:00;     1,285;     2,772
2017-02-01 00:00;     1,283;     2,744
2017-02-01 01:00;     1,284;     2,758
2017-02-01 02:00;     1,281;     2,715
2017-02-01 03:00;     1,280;     2,701
2017-02-01 04:00;     1,276;     2,646
2017-02-01 05:00;     1,277;     2,660
2017-02-01 06:00;     1,276;     2,646
2017-02-01 07:00;     1,276;     2,646
2017-02-01 08:00;     1,274;     2,618
2017-02-01 09:00;     1,273;     2,605
2017-02-01 10:00;     1,271;     2,578
2017-02-01 11:00;     1,269;     2,551
2017-02-01 12:00;     1,270;     2,564
2017-02-01 13:00;     1,268;     2,537
2017-02-01 14:00;     1,268;     2,537
2017-02-01 15:00;     1,267;     2,524
2017-02-01 16:00;     1,267;     2,524
2017-02-01 17:00;     1,267;     2,524
2017-02-01 18:00;     1,268;     2,537
2017-02-01 19:00;     1,267;     2,524
2017-02-01 20:00;     1,264;     2,484
2017-02-01 21:00;     1,265;     2,497
2017-02-01 22:00;     1,265;     2,497
2017-02-01 23:00;     1,265;     2,497
2017-02-02 00:00;     1,264;     2,484
2017-02-02 01:00;     1,265;     2,497
2017-02-02 02:00;     1,262;     2,458
2017-02-02 03:00;     1,262;     2,458
2017-02-02 04:00;     1,261;     2,445
2017-02-02 05:00;     1,262;     2,458
2017-02-02 06:00;     1,258;     2,406
2017-02-02 07:00;     1,261;     2,445
2017-02-02 08:00;     1,261;     2,445
2017-02-02 09:00;     1,255;     2,367
2017-02-02 10:00;     1,258;     2,406
2017-02-02 11:00;     1,258;     2,406
2017-02-02 12:00;     1,258;     2,406
2017-02-02 13:00;     1,257;     2,393
2017-02-02 14:00;     1,258;     2,406
2017-02-02 15:00;     1,258;     2,406
2017-02-02 16:00;     1,255;     2,367
2017-02-02 17:00;     1,254;     2,354
2017-02-02 18:00;     1,253;     2,342
2017-02-02 19:00;     1,254;     2,354
2017-02-02 20:00;     1,254;     2,354
2017-02-02 21:00;     1,251;     2,317
2017-02-02 22:00;     1,251;     2,317
2017-02-02 23:00;     1,249;     2,291
2017-02-03 00:00;     1,251;     2,317
2017-02-03 01:00;     1,250;     2,304
2017-02-03 02:00;     1,247;     2,267
2017-02-03 03:00;     1,249;     2,291
2017-02-03 04:00;     1,247;     2,267
2017-02-03 05:00;     1,245;     2,242
2017-02-03 06:00;     1,247;     2,267
2017-02-03 07:00;     1,245;     2,242
2017-02-03 08:00;     1,244;     2,230
2017-02-03 09:00;     1,244;     2,230
2017-02-03 10:00;     1,242;     2,205
2017-02-03 11:00;     1,247;     2,267
2017-02-03 12:00;     1,244;     2,230
2017-02-03 13:00;     1,243;     2,217
2017-02-03 14:00;     1,239;     2,169
2017-02-03 15:00;     1,241;     2,193
2017-02-03 16:00;     1,241;     2,193
2017-02-03 17:00;     1,240;     2,181
2017-02-03 18:00;     1,241;     2,193
2017-02-03 19:00;     1,237;     2,145
2017-02-03 20:00;     1,237;     2,145
2017-02-03 21:00;     1,238;     2,157
2017-02-03 22:00;     1,236;     2,133
2017-02-03 23:00;     1,237;     2,145
2017-02-04 00:00;     1,235;     2,121
2017-02-04 01:00;     1,233;     2,097
2017-02-04 02:00;     1,237;     2,145
2017-02-04 03:00;     1,233;     2,097
2017-02-04 04:00;     1,234;     2,109
2017-02-04 05:00;     1,232;     2,086
2017-02-04 06:00;     1,231;     2,074
2017-02-04 07:00;     1,233;     2,097
2017-02-04 08:00;     1,231;     2,074
2017-02-04 09:00;     1,233;     2,097
2017-02-04 10:00;     1,230;     2,062
2017-02-04 11:00;     1,229;     2,051
2017-02-04 12:00;     1,230;     2,062
2017-02-04 13:00;     1,226;     2,016
2017-02-04 14:00;     1,230;     2,062
2017-02-04 15:00;     1,226;     2,016
2017-02-04 16:00;     1,228;     2,039
2017-02-04 17:00;     1,227;     2,028
2017-02-04 18:00;     1,226;     2,016
2017-02-04 19:00;     1,224;     1,993
2017-02-04 20:00;     1,226;     2,016
2017-02-04 21:00;     1,221;     1,960
2017-02-04 22:00;     1,221;     1,960
2017-02-04 23:00;     1,222;     1,971
2017-02-05 00:00;     1,225;     2,005
2017-02-05 01:00;     1,227;     2,028
2017-02-05 02:00;     1,221;     1,960
2017-02-05 03:00;     1,222;     1,971
2017-02-05 04:00;     1,220;     1,948
2017-02-05 05:00;     1,219;     1,937
2017-02-05 06:00;     1,218;     1,926
2017-02-05 07:00;     1,218;     1,926
2017-02-05 08:00;     1,218;     1,926
2017-02-05 09:00;     1,219;     1,937
2017-02-05 10:00;     1,218;     1,926
2017-02-05 11:00;     1,218;     1,926
2017-02-05 12:00;     1,216;     1,904
2017-02-05 13:00;     1,214;     1,882
2017-02-05 14:00;     1,215;     1,893
2017-02-05 15:00;     1,209;     1,828
2017-02-05 16:00;     1,212;     1,860
2017-02-05 17:00;     1,214;     1,882
2017-02-05 18:00;     1,211;     1,849
2017-02-05 19:00;     1,210;     1,839
2017-02-05 20:00;     1,209;     1,828
2017-02-05 21:00;     1,209;     1,828
2017-02-05 22:00;     1,211;     1,849
2017-02-05 23:00;     1,209;     1,828
2017-02-06 00:00;     1,207;     1,807
2017-02-06 01:00;     1,208;     1,817
2017-02-06 02:00;     1,204;     1,775
2017-02-06 03:00;     1,209;     1,828
2017-02-06 04:00;     1,205;     1,785
2017-02-06 05:00;     1,205;     1,785
2017-02-06 06:00;     1,206;     1,796
2017-02-06 07:00;     1,202;     1,754
2017-02-06 08:00;     1,204;     1,775
2017-02-06 09:00;     1,204;     1,775
2017-02-06 10:00;     1,202;     1,754
2017-02-06 11:00;     1,202;     1,754
2017-02-06 12:00;     1,202;     1,754
2017-02-06 13:00;     1,200;     1,733
2017-02-06 14:00;     1,201;     1,744
2017-02-06 15:00;     1,198;     1,713
2017-02-06 16:00;     1,196;     1,692
2017-02-06 17:00;     1,197;     1,703
2017-02-06 18:00;     1,198;     1,713
2017-02-06 19:00;     1,198;     1,713
2017-02-06 20:00;     1,194;     1,672
2017-02-06 21:00;     1,197;     1,703
2017-02-06 22:00;     1,194;     1,672
2017-02-06 23:00;     1,193;     1,662
2017-02-07 00:00;     1,196;     1,692
2017-02-07 01:00;     1,195;     1,682
2017-02-07 02:00;     1,188;     1,612
2017-02-07 03:00;     1,195;     1,682
2017-02-07 04:00;     1,186;     1,593
2017-02-07 05:00;     1,190;     1,632
2017-02-07 06:00;     1,188;     1,612
2017-02-07 07:00;     1,185;     1,583
2017-02-07 08:00;     1,186;     1,593
2017-02-07 09:00;     1,188;     1,612
2017-02-07 10:00;     1,182;     1,554
2017-02-07 11:00;     1,184;     1,573
2017-02-07 12:00;     1,183;     1,564
2017-02-07 13:00;     1,179;     1,526
2017-02-07 14:00;     1,177;     1,507
2017-02-07 15:00;     1,177;     1,507
2017-02-07 16:00;     1,182;     1,554
2017-02-07 17:00;     1,177;     1,507
2017-02-07 18:00;     1,177;     1,507
2017-02-07 19:00;     1,177;     1,507
2017-02-07 20:00;     1,174;     1,479
2017-02-07 21:00;     1,177;     1,507
2017-02-07 22:00;     1,175;     1,488
2017-02-07 23:00;     1,170;     1,442
2017-02-08 00:00;     1,172;     1,460
2017-02-08 01:00;     1,171;     1,451
2017-02-08 02:00;     1,170;     1,442
2017-02-08 03:00;     1,170;     1,442
2017-02-08 04:00;     1,169;     1,433
2017-02-08 05:00;     1,166;     1,406
2017-02-08 06:00;     1,165;     1,397
2017-02-08 07:00;     1,162;     1,370
2017-02-08 08:00;     1,167;     1,415
2017-02-08 09:00;     1,164;     1,388
2017-02-08 10:00;     1,161;     1,362
2017-02-08 11:00;     1,162;     1,370
2017-02-08 12:00;     1,161;     1,362
2017-02-08 13:00;     1,161;     1,362
2017-02-08 14:00;     1,157;     1,327
2017-02-08 15:00;     1,159;     1,344
2017-02-08 16:00;     1,154;     1,301
2017-02-08 17:00;     1,160;     1,353
2017-02-08 18:00;     1,155;     1,310
2017-02-08 19:00;     1,156;     1,318
2017-02-08 20:00;     1,154;     1,301
2017-02-08 21:00;     1,156;     1,318
2017-02-08 22:00;     1,153;     1,293
2017-02-08 23:00;     1,153;     1,293
2017-02-09 00:00;     1,153;     1,293
2017-02-09 01:00;     1,149;     1,259
2017-02-09 02:00;     1,153;     1,293
2017-02-09 03:00;     1,150;     1,267
2017-02-09 04:00;     1,149;     1,259
2017-02-09 05:00;     1,146;     1,234
2017-02-09 06:00;     1,149;     1,259
2017-02-09 07:00;     1,146;     1,234
2017-02-09 08:00;     1,147;     1,243
2017-02-09 09:00;     1,146;     1,234
2017-02-09 10:00;     1,146;     1,234
2017-02-09 11:00;     1,142;     1,202
2017-02-09 12:00;     1,145;     1,226
2017-02-09 13:00;     1,142;     1,202
2017-02-09 14:00;     1,141;     1,194
2017-02-09 15:00;     1,141;     1,194
2017-02-09 16:00;     1,140;     1,186
2017-02-09 17:00;     1,138;     1,170
2017-02-09 18:00;     1,140;     1,186
2017-02-09 19:00;     1,142;     1,202
2017-02-09 20:00;     1,137;     1,162
2017-02-09 21:00;     1,138;     1,170
2017-02-09 22:00;     1,140;     1,186
2017-02-09 23:00;     1,135;     1,146
2017-02-10 00:00;     1,136;     1,154
2017-02-10 01:00;     1,133;     1,131
2017-02-10 02:00;     1,137;     1,162
2017-02-10 03:00;     1,136;     1,154
2017-02-10 04:00;     1,135;     1,146
2017-02-10 05:00;     1,135;     1,146
2017-02-10 06:00;     1,136;     1,154
2017-02-10 07:00;     1,134;     1,139
2017-02-10 08:00;     1,136;     1,154
2017-02-10 09:00;     1,132;     1,123
2017-02-10 10:00;     1,133;     1,131
2017-02-10 11:00;     1,133;     1,131
2017-02-10 12:00;     1,135;     1,146
2017-02-10 13:00;     1,135;     1,146
2017-02-10 14:00;     1,133;     1,131
2017-02-10 15:00;     1,133;     1,131
2017-02-10 16:00;     1,130;     1,108
2017-02-10 17:00;     1,133;     1,131
2017-02-10 18:00;     1,130;     1,108
2017-02-10 19:00;     1,130;     1,108
2017-02-10 20:00;     1,131;     1,116
2017-02-10 21:00;     1,130;     1,108
2017-02-10 22:00;     1,130;     1,108
2017-02-10 23:00;     1,129;     1,100
2017-02-11 00:00;     1,132;     1,123
2017-02-11 01:00;     1,129;     1,100
2017-02-11 02:00;     1,129;     1,100
2017-02-11 03:00;     1,132;     1,123
2017-02-11 04:00;     1,129;     1,100
2017-02-11 05:00;     1,127;     1,085
2017-02-11 06:00;     1,127;     1,085
2017-02-11 07:00;     1,128;     1,093
2017-02-11 08:00;     1,127;     1,085
2017-02-11 09:00;     1,127;     1,085
2017-02-11 10:00;     1,126;     1,078
2017-02-11 11:00;     1,126;     1,078
2017-02-11 12:00;     1,127;     1,085
2017-02-11 13:00;     1,124;     1,063
2017-02-11 14:00;     1,124;     1,063
2017-02-11 15:00;     1,126;     1,078
2017-02-11 16:00;     1,124;     1,063
2017-02-11 17:00;     1,121;     1,041
2017-02-11 18:00;     1,123;     1,056
2017-02-11 19:00;     1,124;     1,063
2017-02-11 20:00;     1,124;     1,063
2017-02-11 21:00;     1,124;     1,063
2017-02-11 22:00;     1,121;     1,041
2017-02-11 23:00;     1,123;     1,056
2017-02-12 00:00;     1,121;     1,041
2017-02-12 01:00;     1,121;     1,041
2017-02-12 02:00;     1,121;     1,041
2017-02-12 03:00;     1,121;     1,041
2017-02-12 04:00;     1,121;     1,041
2017-02-12 05:00;     1,119;     1,026
2017-02-12 06:00;     1,117;     1,012
2017-02-12 07:00;     1,119;     1,026
2017-02-12 08:00;     1,121;     1,041
2017-02-12 09:00;     1,116;     1,005
2017-02-12 10:00;     1,117;     1,012
2017-02-12 11:00;     1,115;     0,998
2017-02-12 12:00;     1,116;     1,005
2017-02-12 13:00;     1,116;     1,005
2017-02-12 14:00;     1,115;     0,998
2017-02-12 15:00;     1,116;     1,005
2017-02-12 16:00;     1,115;     0,998
2017-02-12 17:00;     1,115;     0,998
2017-02-12 18:00;     1,114;     0,991
2017-02-12 19:00;     1,114;     0,991
2017-02-12 20:00;     1,114;     0,991
2017-02-12 21:00;     1,115;     0,998
2017-02-12 22:00;     1,114;     0,991
2017-02-12 23:00;     1,114;     0,991
2017-02-13 00:00;     1,115;     0,998
2017-02-13 01:00;     1,114;     0,991
2017-02-13 02:00;     1,116;     1,005
2017-02-13 03:00;     1,110;     0,963
2017-02-13 04:00;     1,111;     0,970
2017-02-13 05:00;     1,112;     0,977
2017-02-13 06:00;     1,110;     0,963
2017-02-13 07:00;     1,113;     0,984
2017-02-13 08:00;     1,106;     0,935
2017-02-13 09:00;     1,110;     0,963
2017-02-13 10:00;     1,110;     0,963
2017-02-13 11:00;     1,110;     0,963
2017-02-13 12:00;     1,110;     0,963
2017-02-13 13:00;     1,110;     0,963
2017-02-13 14:00;     1,109;     0,956
2017-02-13 15:00;     1,108;     0,949
2017-02-13 16:00;     1,108;     0,949
2017-02-13 17:00;     1,105;     0,929
2017-02-13 18:00;     1,106;     0,935
2017-02-13 19:00;     1,106;     0,935
2017-02-13 20:00;     1,107;     0,942
2017-02-13 21:00;     1,107;     0,942
2017-02-13 22:00;     1,106;     0,935
2017-02-13 23:00;     1,108;     0,949
2017-02-14 00:00;     1,105;     0,929
2017-02-14 01:00;     1,107;     0,942
2017-02-14 02:00;     1,104;     0,922
2017-02-14 03:00;     1,103;     0,915
2017-02-14 04:00;     1,106;     0,935
2017-02-14 05:00;     1,105;     0,929
2017-02-14 06:00;     1,106;     0,935
2017-02-14 07:00;     1,104;     0,922
2017-02-14 08:00;     1,103;     0,915
2017-02-14 09:00;     1,104;     0,922
2017-02-14 10:00;     1,101;     0,902
2017-02-14 11:00;     1,102;     0,908
2017-02-14 12:00;     1,103;     0,915
2017-02-14 13:00;     1,102;     0,908
2017-02-14 14:00;     1,102;     0,908
2017-02-14 15:00;     1,101;     0,902
2017-02-14 16:00;     1,101;     0,902
2017-02-14 17:00;     1,103;     0,915
2017-02-14 18:00;     1,098;     0,882
2017-02-14 19:00;     1,099;     0,889
2017-02-14 20:00;     1,100;     0,895
2017-02-14 21:00;     1,100;     0,895
2017-02-14 22:00;     1,098;     0,882
2017-02-14 23:00;     1,096;     0,869
2017-02-15 00:00;     1,101;     0,902
2017-02-15 01:00;     1,097;     0,876
2017-02-15 02:00;     1,100;     0,895
2017-02-15 03:00;     1,096;     0,869
2017-02-15 04:00;     1,098;     0,882
2017-02-15 05:00;     1,096;     0,869
2017-02-15 06:00;     1,097;     0,876
2017-02-15 07:00;     1,097;     0,876
2017-02-15 08:00;     1,094;     0,856
2017-02-15 09:00;     1,094;     0,856
2017-02-15 10:00;     1,095;     0,863
2017-02-15 11:00;     1,098;     0,882
2017-02-15 12:00;     1,096;     0,869
2017-02-15 13:00;     1,096;     0,869
2017-02-15 14:00;     1,095;     0,863
2017-02-15 15:00;     1,096;     0,869
2017-02-15 16:00;     1,093;     0,850
2017-02-15 17:00;     1,094;     0,856
2017-02-15 18:00;     1,096;     0,869
2017-02-15 19:00;     1,095;     0,863
2017-02-15 20:00;     1,095;     0,863
2017-02-15 21:00;     1,092;     0,844
2017-02-15 22:00;     1,095;     0,863
2017-02-15 23:00;     1,096;     0,869
2017-02-16 00:00;     1,094;     0,856
2017-02-16 01:00;     1,093;     0,850
2017-02-16 02:00;     1,093;     0,850
2017-02-16 03:00;     1,093;     0,850
2017-02-16 04:00;     1,093;     0,850
2017-02-16 05:00;     1,094;     0,856
2017-02-16 06:00;     1,097;     0,876
2017-02-16 07:00;     1,095;     0,863
